id,title,category,affiliation,requiredCopies,subtitle,rank,metadataStatus,sourceCard
069917060360b1ea,BWL Special Rules,special,Batman Who Laughs,1,,,auto,CARD_032__P004__R02__C02.jpg
293c5fbdd43a828b,Dark Multiverse Corruption,affiliation,Batman Who Laughs,3,,,auto,CARD_001__P001__R01__C01.jpg
30c63e0651a7fb98,I'm You,affiliation,Batman Who Laughs,3,,,auto,CARD_018__P002__R03__C03.jpg
46f29079692b69d1,A World That Shouldn't Exist,affiliation,Batman Who Laughs,2,,,auto,CARD_026__P003__R03__C02.jpg
5aca35bc86e0df19,Big Cosmic Joke,affiliation,Batman Who Laughs,2,,,auto,CARD_024__P003__R02__C03.jpg
68cd0162ed5c7ab4,Crow,affiliation,Batman Who Laughs,3,,,auto,CARD_012__P002__R01__C03.jpg
7d72335bc7e86de3,My Sons... Kill!,affiliation,Batman Who Laughs,4,,,auto,CARD_008__P001__R03__C02.jpg
8601090f535e122e,Sleeper Agents,affiliation,Batman Who Laughs,3,,,auto,CARD_021__P003__R01__C03.jpg
a2265c794e68a937,Whispered Words,affiliation,Batman Who Laughs,4,,,auto,CARD_004__P001__R02__C01.jpg
d8a06d9e34eaf268,Take a Good Look,affiliation,Batman Who Laughs,3,,,auto,CARD_033__P004__R03__C01.jpg
dbefc7cee6f6ce78,You Don't Trust Anything,affiliation,Batman Who Laughs,2,,,auto,CARD_030__P004__R01__C03.jpg
fbd7f5735c1c7334,Something Twisted and Wrong,affiliation,Batman Who Laughs,3,,,auto,CARD_015__P002__R02__C03.jpg
fe103905baf3123f,Light's Fault,affiliation,Batman Who Laughs,2,,,auto,CARD_028__P004__R01__C01.jpg
040868a63b104395,Sewer's Nige Tm Aare Kuler Croc,character,,3,,,needs-character-rank,CARD_073__P009__R01__C01.jpg
06adc4188f4b3a62,Pain And Money Siack Mask,character,,2,,,needs-character-rank,CARD_055__P007__R01__C01.jpg
072894d154c15e85,Yours To Command Wie,character,,1,Ubu,,needs-character-rank,CARD_060__P007__R02__C03.jpg
099ef66b372c44f7,Swustice Two-Face Bel,character,,1,,,needs-character-rank,CARD_012__P002__R01__C03.jpg
0b917148d6794bd9,Cold As Death,character,,1,Gentleman Ghost,,needs-character-rank,CARD_093__P011__R01__C03.jpg
0ce63a4483aa933c,A City In Fear Sug,character,,1,,,needs-character-rank,CARD_020__P003__R01__C02.jpg
0d04729eb8003071,Sdivertion Tactic Queue I,character,,2,,,needs-character-rank,CARD_015__P002__R02__C03.jpg
160e4d031588ab88,Strict Controlumace,character,,1,Kobra Hybrid,,needs-character-rank,CARD_097__P011__R03__C01.jpg
178c7747c4631c73,Moth Signal Kitten Moth Seco Ce I,character,,1,Killer Moth,,needs-character-rank,CARD_090__P010__R03__C03.jpg
1bdc8c76d5424d2b,Born On A Monday,character,,1,Solomon Grundy,,needs-character-rank,CARD_079__P009__R03__C01.jpg
1e1c0f99ac00338d,Master's Duel Unrsime Aa,character,,1,Lady Shiva,,needs-character-rank,CARD_004__P001__R02__C01.jpg
1e8e44d64102ce0e,Riddles Everywhere Ninoier,character,,2,Riddler,,needs-character-rank,CARD_013__P002__R02__C01.jpg
1f4ffa1a67358e9c,Sspiceit A Little Ecco,character,,1,Spice,,needs-character-rank,CARD_058__P007__R02__C01.jpg
258ea03ed343b505,This Ends Tonight,character,,1,Arkham Knight,,needs-character-rank,CARD_019__P003__R01__C01.jpg
2f5cf73e78c158bd,Cold As Ice,character,,1,Killer Frost,,needs-character-rank,CARD_051__P006__R02__C03.jpg
316ce0c494925cd6,Searching For Nora We.,character,,1,Mr. Freeze,,needs-character-rank,CARD_050__P006__R02__C02.jpg
317750cf1318a90c,Query And Echoueave,character,,1,,,needs-character-rank,CARD_017__P002__R03__C02.jpg
33373ba066f4b44c,A Me,character,,1,Frank the Plant,,needs-character-rank,CARD_007__P001__R03__C01.jpg
33737a5d93f682c6,Netmaster,character,,1,Oracle,,needs-character-rank,CARD_009__P001__R03__C03.jpg
343ec081261ae2f3,Mortal Wound,character,,3,Cheshire,,needs-character-rank,CARD_047__P006__R01__C02.jpg
3a866023ffc58e1e,Hally Marks Wetor Sig,character,,1,Zsasz,,needs-character-rank,CARD_080__P009__R03__C02.jpg
3d0833bb0745bbb8,Best Served Cold Wna Fs 2 Ug,character,,2,Mrs. Freeze,,needs-character-rank,CARD_067__P008__R02__C01.jpg
40fe3cf623d1be1c,The Evidence Mounts Batman (Robert Pattinson) I,character,,1,Batman,,needs-character-rank,CARD_086__P010__R02__C02.jpg
41323cf0191d6ac1,Acat Has Its Needs Ervouu,character,,1,Catwoman,,needs-character-rank,CARD_011__P002__R01__C02.jpg
4442e0f427642db8,Sauce And Pickles,character,,1,Condiment King,,needs-character-rank,CARD_095__P011__R02__C02.jpg
462b077b8642a6e7,One Million Dollar Shot,character,,1,Deadshot,,needs-character-rank,CARD_041__P005__R02__C02.jpg
47b5ab3e6b741893,Co Se Ea Seen Ear Cla See Ie,character,,1,Bane,,needs-character-rank,CARD_028__P004__R01__C01.jpg
4dad8a87a00f8e01,Bssistance,character,,2,Robin,,needs-character-rank,CARD_062__P007__R03__C02.jpg
4ed993d8065be38f,Katakiuchi,character,,1,Katana,,needs-character-rank,CARD_008__P001__R03__C02.jpg
4f802f4a3b9c3184,Time Master,character,,1,Clock King,,needs-character-rank,CARD_092__P011__R01__C02.jpg
5576ed606011eee9,Vengeance's Mission Pane'scauctrer El,character,,1,Vengeance,,needs-character-rank,CARD_072__P008__R03__C03.jpg
57a686beead04790,Emancipation,character,,1,Harley Quinn,,needs-character-rank,CARD_029__P004__R01__C02.jpg
5de2d607dab3e9c2,Join The Fold,character,,1,Young Woman,,needs-character-rank,CARD_084__P010__R01__C03.jpg
5e206b9e664b8034,Corrupted The Batman Who Laughs,character,,3,,,needs-character-rank,CARD_033__P004__R02__C03.jpg
5f471985c17cc27d,Plots Behind Plots Uncotn Arch Te!,character,,1,,,needs-character-rank,CARD_024__P003__R02__C03.jpg
60a507114b25c923,"Nv House, My Rules",character,,1,the Penguin,,needs-character-rank,CARD_021__P003__R01__C03.jpg
60f85166ab3d2061,Great Ae Ann M ) I,character,,1,,,needs-character-rank,CARD_061__P007__R03__C01.jpg
61068b4c3ab74974,Back To Arkham,character,,1,Batman,,needs-character-rank,CARD_043__P005__R03__C01.jpg
6185818331d9bbee,Justice Served Eucwene,character,,1,Peacemaker,,needs-character-rank,CARD_066__P008__R01__C03.jpg
61ae708b38bd8c7f,Escape Plan,character,,1,Calvin Rose,,needs-character-rank,CARD_027__P003__R03__C03.jpg
63d1efb8bc90197a,Me Court's Edict,character,,1,The Court,,needs-character-rank,CARD_025__P003__R03__C01.jpg
661f0329ec923808,Trick Shot,character,,2,Green Arrow,,needs-character-rank,CARD_064__P008__R01__C01.jpg
671afb62d9ef5d34,Bhowtim El Soker Be,character,,1,,,needs-character-rank,CARD_039__P005__R01__C03.jpg
6e6ea4770c514d85,Street Transaction Tooseurse,character,,1,Loose Lips,,needs-character-rank,CARD_023__P003__R02__C02.jpg
6fd70ac840b38d01,Daughter Of The Demon Rasa.S4 1O),character,,1,Talia,,needs-character-rank,CARD_045__P005__R03__C03.jpg
72186d759267440a,Not So Much Sugar Sucar E,character,,1,,,needs-character-rank,CARD_057__P007__R01__C03.jpg
7440dfcf22127759,He Best Act Cuavrace Cei,character,,2,Clayface,,needs-character-rank,CARD_076__P009__R02__C01.jpg
75752611b7c1e9d9,Endless Greed,character,,1,Emperor Penguin,,needs-character-rank,CARD_022__P003__R02__C01.jpg
759d78dcc6044c76,Cover Your Ears,character,,1,Black Canary,,needs-character-rank,CARD_030__P004__R01__C03.jpg
76e86ae958780228,Bigger Picture. Rie Rinnter (Paul Dano) Te! J,character,,2,,,needs-character-rank,CARD_069__P008__R02__C03.jpg
7937f0044caa12d1,Wiother Of Strays,character,,1,Catwoman,,needs-character-rank,CARD_087__P010__R02__C03.jpg
7c5aa2fea5637138,Galen Dar Crimes,character,,1,Calendar Man,,needs-character-rank,CARD_094__P011__R02__C01.jpg
8edaa66392f2cec6,Fhedon Cimnesuones,character,,1,,,needs-character-rank,CARD_052__P006__R03__C01.jpg
912164f536d0133d,Joker-O-Meter,character,,1,Harley Quinn,,needs-character-rank,CARD_040__P005__R02__C01.jpg
914281f9a8aecebc,Reinforce Ai E Rt:,character,,1,Bird,,needs-character-rank,CARD_001__P001__R01__C01.jpg
929813b152c7e553,Lord Of The Pits,character,,1,Ra's Al Ghul,,needs-character-rank,CARD_003__P001__R01__C03.jpg
930bc1a8159b079a,Deathmatch,character,,1,Deathstroke,,needs-character-rank,CARD_010__P002__R01__C01.jpg
9591f5a207e6058d,Apex Predator Ruesaruanuno.Ausis,character,,3,,,needs-character-rank,CARD_036__P004__R03__C03.jpg
9b0ffd0127ff660a,Echo And Query Exo,character,,1,,,needs-character-rank,CARD_018__P002__R03__C03.jpg
9e234f5f4ddd261f,Beeking Revenge Sason Tooo,character,,1,,,needs-character-rank,CARD_005__P001__R02__C02.jpg
9ffe349299ca71e6,Uncontrolled Brutality Maron! Es 3,character,,1,,,needs-character-rank,CARD_053__P006__R03__C02.jpg
a2e79887c89771b3,He Mission,character,,1,William Cobb,,needs-character-rank,CARD_026__P003__R03__C02.jpg
a63e2ba75d8f84fc,Gotham Is Mine Pie,character,,1,Bane,,needs-character-rank,CARD_032__P004__R02__C02.jpg
ab5db034c2952b82,Master Of Manipulation Wsie 5,character,,1,Hush,,needs-character-rank,CARD_059__P007__R02__C02.jpg
ad66b7e9f537f42c,Freelance Assassinewme,character,,1,,,needs-character-rank,CARD_071__P008__R03__C02.jpg
b147f5ea62ebae5a,The Unworthy. Saxceaner E,character,,1,,,needs-character-rank,CARD_085__P010__R02__C01.jpg
b791d448b10b37f6,The True Boss,character,,1,The Ventriloquist,,needs-character-rank,CARD_054__P006__R03__C03.jpg
c20d217f4d503181,Secure The Drop Sue Pencun Cco. Rare,character,,1,,,needs-character-rank,CARD_088__P010__R03__C01.jpg
c2494d0708de8e6f,One Good Cop,character,,1,James W. Gordon,,needs-character-rank,CARD_044__P005__R03__C02.jpg
cbb161a52945baba,KObra Viral Bomb Serrrey Rrankun Auae Be! 3,character,,1,Kobra,,needs-character-rank,CARD_096__P011__R02__C03.jpg
cf66db1b8d61b810,Hpeduction,character,,1,Hugo Strange,,needs-character-rank,CARD_101__P012__R01__C02.jpg
dc42e41be8248067,Cover Up Canwine Falcone (John Turturro),character,,1,,,needs-character-rank,CARD_089__P010__R03__C02.jpg
de3d2705d3598240,New Compound Unoartimawie,character,,2,,,needs-character-rank,CARD_099__P011__R03__C03.jpg
e051648ac2be6b58,"Wrong Place, Kid",character,,1,Sgt. Harvey Bullock,,needs-character-rank,CARD_042__P005__R02__C03.jpg
e166f4a9885d9c7d,Overwhelming Charisma Xre-Un,character,,1,Kite-Man,,needs-character-rank,CARD_091__P011__R01__C01.jpg
e2a207b7c0fe838f,Ym The Surgeon Sarman Crank Miter) St J,character,,1,Batman,,needs-character-rank,CARD_002__P001__R01__C02.jpg
e9b6dcde865c3d3c,State Of Fear Scarecrow I Age,character,,1,,,needs-character-rank,CARD_098__P011__R03__C02.jpg
eda541c017c437e4,Primary Instincts Wuxair,character,,1,Man-Bat,,needs-character-rank,CARD_078__P009__R02__C03.jpg
f367dde2270584dd,Segrowth,character,,1,Poison Ivy,,needs-character-rank,CARD_006__P001__R02__C03.jpg
f6edb7f71dd81451,This Is The Evil Oeacow Etackrine Ef,character,,3,,,needs-character-rank,CARD_081__P009__R03__C03.jpg
f878208b118c7af7,Vendetta,character,,1,Huntress,,needs-character-rank,CARD_031__P004__R02__C01.jpg
fc1af8d5a411e6f6,My Life For The League Ney,character,,1,The Heretic,,needs-character-rank,CARD_046__P006__R01__C01.jpg
0265431eff60d5b9,Court Of Owls Card 011,affiliation,Court Of Owls,3,,,ocr-review,CARD_011__P002__R01__C02.jpg
05dbee4c93805c9b,Terrible Accident,affiliation,Court Of Owls,3,,,auto,CARD_008__P001__R03__C02.jpg
6185653d9043bf64,Court of Owls Special Rules,special,Court Of Owls,1,,,auto,CARD_036__P004__R03__C03.jpg
69be911c1c734443,"Nota Mo We ,",affiliation,Court Of Owls,3,,,auto,CARD_029__P004__R01__C02.jpg
6c3201245d5b9ce5,Beware The Court Of Owls J,affiliation,Court Of Owls,3,,,auto,CARD_032__P004__R02__C02.jpg
793a504e68fc00e0,BWLsnight Jaa,affiliation,Court Of Owls,2,,,auto,CARD_020__P003__R01__C02.jpg
7a621de471d93ace,The Court's Secure Bases,affiliation,Court Of Owls,3,,,auto,CARD_001__P001__R01__C01.jpg
ae24e8e89f01655e,Owl Markers,special,Court Of Owls,1,,,auto,CARD_035__P004__R03__C02.jpg
b4bfc61d1bfb4fe9,The Owls' Labyrinth,affiliation,Court Of Owls,2,,,auto,CARD_022__P003__R02__C01.jpg
b663b7b1844be4ca,Talon's Claw :,affiliation,Court Of Owls,4,,,auto,CARD_004__P001__R02__C01.jpg
d2818125b381b7ee,Stalking Parliament :,affiliation,Court Of Owls,3,,,auto,CARD_026__P003__R03__C02.jpg
d3c5ac143ae50a5c,Gotham Is Ours,affiliation,Court Of Owls,2,,,auto,CARD_018__P002__R03__C03.jpg
eef67d8a9fe3950c,The Shadow Claw,affiliation,Court Of Owls,4,,,auto,CARD_014__P002__R02__C02.jpg
f6e3805ac8b3ace9,The Primary.Peey,affiliation,Court Of Owls,2,,,auto,CARD_024__P003__R02__C03.jpg
0d04c0418cb029cf,Bull Devotion,affiliation,Cults,2,,,auto,CARD_010__P002__R01__C01.jpg
1a5e7f7da5705e03,A Godless City,affiliation,Cults,3,,,auto,CARD_034__P004__R03__C01.jpg
1a686b117b6e61b3,The Inner Enemy,affiliation,Cults,2,,,auto,CARD_027__P003__R03__C03.jpg
1be3f8d5c8c6fcd4,Cults Special Rules,special,Cults,1,,,auto,CARD_047__P006__R01__C02.jpg
1f64586b079f7db2,Protge,affiliation,Cults,3,,,auto,CARD_015__P002__R02__C03.jpg
28d3d4a12cce0ce4,Eternal Life Dj,affiliation,Cults,3,,,auto,CARD_031__P004__R02__C01.jpg
40c327ae9bc4120c,Followers Of Kall-Yuga J,affiliation,Cults,3,,,auto,CARD_024__P003__R02__C03.jpg
4bdadc8d58d24aeb,Cults Card 043,affiliation,Cults,3,,,ocr-review,CARD_043__P005__R03__C01.jpg
5ac6abb0a8de7f05,Cults Card 008,affiliation,Cults,2,,,ocr-review,CARD_008__P001__R03__C02.jpg
6f145eb4abecb648,Where The Trailended D,affiliation,Cults,3,,,auto,CARD_037__P005__R01__C01.jpg
826a3da971657b55,Tempted To.Despair ),affiliation,Cults,3,,,auto,CARD_040__P005__R02__C01.jpg
95549057eaaf8100,"Ooluk Cucu Ct Tod (Es Oo Eo ,",affiliation,Cults,3,,,auto,CARD_003__P001__R01__C03.jpg
9d247399a3c0c3da,Faith,special,Cults,1,,,auto,CARD_046__P006__R01__C01.jpg
a22d32b15371fa75,N Ew Followers :,affiliation,Cults,2,,,auto,CARD_006__P001__R02__C03.jpg
a63a632c0f651346,The Great Plan Mrey,affiliation,Cults,3,,,auto,CARD_018__P002__R03__C03.jpg
aac3ab8cadf389fb,Prophecies Of The Snake Of,affiliation,Cults,3,,,auto,CARD_021__P003__R01__C03.jpg
b580b7569a5c8a69,Worship Place,affiliation,Cults,2,,,auto,CARD_029__P004__R01__C02.jpg
c01266c84a1f7233,Cults Card 001,affiliation,Cults,2,,,ocr-review,CARD_001__P001__R01__C01.jpg
d7e742a63c774c50,Awakening,affiliation,Cults,3,,,auto,CARD_012__P002__R01__C03.jpg
1788e703b778744f,Ambush,encounter,,1,,,auto,CARD_009__P001__R03__C03.jpg
178e71ebd5f3c380,Showdown,encounter,,1,,,auto,CARD_001__P001__R01__C01.jpg
2824b1ebce0fe403,King Of The Hi,encounter,,1,,,auto,CARD_011__P002__R01__C02.jpg
3727d1897bf67581,News Flies,encounter,,1,,,auto,CARD_012__P002__R01__C03.jpg
6a09bdf5c21a7baf,Hidden Eviden,encounter,,1,,,auto,CARD_010__P002__R01__C01.jpg
6b21441a9e4af64c,Duel,encounter,,1,,,auto,CARD_006__P001__R02__C03.jpg
6ee24f498c1ea57c,Secure The Af,encounter,,1,,,auto,CARD_004__P001__R02__C01.jpg
7b351ed93a9c80c8,Divide And Co!,encounter,,1,,,auto,CARD_015__P002__R02__C03.jpg
8e2f6ff0bd40a26c,Vanguard,encounter,,1,,,auto,CARD_003__P001__R01__C03.jpg
95dd0f2a73f99516,Taking Sides,encounter,,1,,,auto,CARD_008__P001__R03__C02.jpg
9b172c925eb20a26,Crossfire,encounter,,1,,,auto,CARD_013__P002__R02__C01.jpg
c2397a7b0846e53f,Plunder,encounter,,1,,,auto,CARD_005__P001__R02__C02.jpg
d37d9d79b1f1cd0f,Fountains,encounter,,1,,,auto,CARD_016__P002__R03__C01.jpg
d81093912ac3b9fa,Chance Encol,encounter,,1,,,auto,CARD_002__P001__R01__C02.jpg
dfbc5274d2bafc9f,Fight For Ter,encounter,,1,,,auto,CARD_014__P002__R02__C02.jpg
f1a46f4e7946cd56,Stand-Off,encounter,,1,,,auto,CARD_007__P001__R03__C01.jpg
0eb01e023788ed92,In The Spotlight,event,,1,,,auto,CARD_004__P001__R02__C01.jpg
29e5d28e9fd1297c,6D Dv Clue Co,event,,1,,,auto,CARD_014__P002__R02__C02.jpg
47e538121793213b,Old Sewage System,event,,1,,,auto,CARD_016__P002__R03__C01.jpg
49bc858bd1084172,Data Extraction,event,,1,,,auto,CARD_007__P001__R03__C01.jpg
550f304841d7ab63,Exposed Q,event,,1,,,auto,CARD_005__P001__R02__C02.jpg
5cad3f3fa4d5638d,Heatwave,event,,1,,,auto,CARD_012__P002__R01__C03.jpg
88de8386e2524a3d,Full Moon,event,,1,,,auto,CARD_008__P001__R03__C02.jpg
a464733f1ef826f0,Heavy Rain,event,,1,,,auto,CARD_002__P001__R01__C02.jpg
af2639545ffdc2dd,Exhausted Y,event,,1,,,auto,CARD_009__P001__R03__C03.jpg
b0e90f33f7e54ef5,Q Labyrinthine Sewer,event,,1,,,auto,CARD_001__P001__R01__C01.jpg
b2c0c17c9fa7041e,The Rat,event,,1,,,auto,CARD_010__P002__R01__C01.jpg
c404d9060db46e26,Power Outage,event,,1,,,auto,CARD_013__P002__R02__C01.jpg
c84d7ba7a9160206,Suspect Escapes :,event,,1,,,auto,CARD_015__P002__R02__C03.jpg
cde6a820ecd3afd4,Delayed :,event,,1,,,auto,CARD_006__P001__R02__C03.jpg
d2d7920d5088009a,Sx Eo Ne Eee,event,,1,,,auto,CARD_011__P002__R01__C02.jpg
ded970a9ae3f374d,Gotham In Flames,event,,1,,,auto,CARD_003__P001__R01__C03.jpg
16a3e5cc7682fea4,Stick to the Plan,general,,2,,,auto,CARD_011__P002__R01__C02.jpg
181e3fdc3af39cec,Overdrive,general,,2,,,auto,CARD_013__P002__R02__C01.jpg
338c26acb8556682,Stake Your Claim,general,,2,,,auto,CARD_019__P003__R01__C01.jpg
4b01fe60842f7ef0,They Must Know Pain,general,,1,,,auto,CARD_007__P001__R03__C01.jpg
52266e3a03232a39,Call an Ambulance!,general,,1,,,auto,CARD_003__P001__R01__C03.jpg
63ab8bd24558e57b,Catch a Bullet,general,,1,,,auto,CARD_002__P001__R01__C02.jpg
77184b05a09a069b,Feeling Weird,general,,2,,,auto,CARD_009__P001__R03__C03.jpg
78f6f011586a6576,Confusion,general,,1,,,auto,CARD_008__P001__R03__C02.jpg
7bb1419642149b0f,Flanking,general,,2,,,auto,CARD_015__P002__R02__C03.jpg
a12ded6a35876a11,Valuable Commodities,general,,1,,,auto,CARD_001__P001__R01__C01.jpg
a7c267ae2db91669,Disturbance,general,,2,,,auto,CARD_017__P002__R03__C02.jpg
f4ee46481478e630,Dirty Job,general,,3,,,auto,CARD_004__P001__R02__C01.jpg
ff9b153deff68409,Die Hard,general,,1,,,auto,CARD_021__P003__R01__C03.jpg
281ba08e1cc687cc,"Outstanding Mote, 7 Vo",affiliation,Harley Quinn And Friends,3,,,auto,CARD_026__P003__R03__C02.jpg
2b89791710c349aa,Fanalog Hacking Ee Ares Selene Adh,affiliation,Harley Quinn And Friends,4,,,auto,CARD_031__P004__R02__C01.jpg
2f91b6d42497d4e0,Harley Quinn & Friends Special Rules,special,Harley Quinn And Friends,1,,,auto,CARD_035__P004__R03__C02.jpg
34562332ab76c625,Take Back What Is Ours,affiliation,Harley Quinn And Friends,3,,,auto,CARD_020__P003__R01__C02.jpg
3656fe1d1260e4fa,Lie,affiliation,Harley Quinn And Friends,3,,,auto,CARD_017__P002__R03__C02.jpg
6027a41fbb78b217,Sipe Ee Rise V4 D O Nse,affiliation,Harley Quinn And Friends,3,,,auto,CARD_012__P002__R01__C03.jpg
9a10676370c4d302,Riots In Thestreets,affiliation,Harley Quinn And Friends,3,,,auto,CARD_009__P001__R03__C03.jpg
9e1259389f8f0695,Abl Skee Ac Cee Bb,affiliation,Harley Quinn And Friends,3,,,auto,CARD_006__P001__R02__C03.jpg
a1798cb2d847649b,Poison The Supply. Od,affiliation,Harley Quinn And Friends,2,,,auto,CARD_029__P004__R01__C02.jpg
ae0f1ae7c546f901,Attack The System,affiliation,Harley Quinn And Friends,2,,,auto,CARD_001__P001__R01__C01.jpg
da0bdf06fa9949c9,Ecoterrorism Gos,affiliation,Harley Quinn And Friends,3,,,auto,CARD_023__P003__R02__C02.jpg
ea21c290c137366d,Therevolthasbegun,affiliation,Harley Quinn And Friends,2,,,auto,CARD_015__P002__R02__C03.jpg
fb80053ef41144c0,Fight In The Shadows. 3,affiliation,Harley Quinn And Friends,3,,,auto,CARD_003__P001__R01__C03.jpg
160992bd94680fda,Psychopaths :,affiliation,Joker,3,,,auto,CARD_022__P003__R02__C01.jpg
325d1bc8f22d1b49,So Long: It's Been Agis Aj,affiliation,Joker,3,,,auto,CARD_001__P001__R01__C01.jpg
59f3f820dceafab0,Joker Card 018,affiliation,Joker,2,,,ocr-review,CARD_018__P002__R03__C03.jpg
60cfbbe7102f1368,Bite The Dust!,affiliation,Joker,4,,,auto,CARD_004__P001__R02__C01.jpg
65042a4b62f5084f,Poisoning Gotham,affiliation,Joker,2,,,auto,CARD_028__P004__R01__C01.jpg
8f00e11ece754ab9,Joker Card 014,affiliation,Joker,2,,,ocr-review,CARD_014__P002__R02__C02.jpg
902f5e9b7c00d938,Aace Chemicals Barrel,affiliation,Joker,3,,,auto,CARD_030__P004__R01__C03.jpg
92720a0ca95eb949,Let Them Do Their Thing I 5,affiliation,Joker,2,,,auto,CARD_020__P003__R01__C02.jpg
a5a4813f0b84e484,A He First Laugh,affiliation,Joker,3,,,auto,CARD_025__P003__R03__C01.jpg
c5a9379afd17e986,It Doesn'tlook Fresh,affiliation,Joker,3,,,auto,CARD_011__P002__R01__C02.jpg
d631017a91974be2,You're Expendable,affiliation,Joker,2,,,auto,CARD_016__P002__R03__C01.jpg
daa3b242f97b76a5,Let Theminonthejoke,affiliation,Joker,3,,,auto,CARD_008__P001__R03__C02.jpg
dddab9d603b9fde5,Bd Etal,affiliation,Joker,3,,,auto,CARD_033__P004__R02__C03.jpg
0086eec06961b5f1,They Won't See Mecoming 3,affiliation,Law Forces,2,,,auto,CARD_013__P002__R02__C01.jpg
0c24b45767a8b253,Monitoring,affiliation,Law Forces,3,,,auto,CARD_032__P004__R02__C02.jpg
1166c0c1087f5a3a,Finding A Suspect,affiliation,Law Forces,2,,,auto,CARD_018__P002__R03__C03.jpg
126ffc97af1c7d7c,Law Forces Card 004,affiliation,Law Forces,3,,,ocr-review,CARD_004__P001__R02__C01.jpg
1b40f524d8eca84f,Following The Clues,affiliation,Law Forces,2,,,auto,CARD_025__P003__R03__C01.jpg
2def7a3dd821ebc0,O Or Rr Ro J Ce Fe Oct E,affiliation,Law Forces,3,,,auto,CARD_007__P001__R03__C01.jpg
565526d66c1168ab,Uncovered Truth,affiliation,Law Forces,3,,,auto,CARD_022__P003__R02__C01.jpg
7dc7610c5eb45962,Secure The Perimeter,affiliation,Law Forces,3,,,auto,CARD_010__P002__R01__C01.jpg
85f3eea3db4536bb,Planting Evidence,affiliation,Law Forces,2,,,auto,CARD_027__P003__R03__C03.jpg
98447bf05ea8d594,Wait For Backup,affiliation,Law Forces,2,,,auto,CARD_020__P003__R01__C02.jpg
bf6fd1bf4d7b35f2,"Wnon-Lethalammd,",affiliation,Law Forces,3,,,auto,CARD_015__P002__R02__C03.jpg
c30ec50dd944c5b0,Law Forces Card 029,affiliation,Law Forces,3,,,ocr-review,CARD_029__P004__R01__C02.jpg
cbeb249f10edfa64,Comb Through Everything,affiliation,Law Forces,3,,,auto,CARD_001__P001__R01__C01.jpg
11e543b72db99234,League Of Assassins Card 030,affiliation,League Of Assassins,3,,,ocr-review,CARD_030__P004__R01__C03.jpg
22df1d4cfedb7373,Well Rounded Mind,affiliation,League Of Assassins,2,,,auto,CARD_033__P004__R02__C03.jpg
5806d574cf577aec,League Of Assassins Card 011,affiliation,League Of Assassins,3,,,ocr-review,CARD_011__P002__R01__C02.jpg
7072319738dfc90b,Under Their Noses,affiliation,League Of Assassins,4,,,auto,CARD_004__P001__R02__C01.jpg
7a31e7b27065f238,Blood For Blood Gegen,affiliation,League Of Assassins,2,,,auto,CARD_014__P002__R02__C02.jpg
7d7452e374e52927,Reclaim The Lazarus Pit,affiliation,League Of Assassins,2,,,auto,CARD_016__P002__R03__C01.jpg
9d913258a4bea926,Aiultiple Threats,affiliation,League Of Assassins,3,,,auto,CARD_022__P003__R02__C01.jpg
abf7bafc32c738c7,A Step Ahead,affiliation,League Of Assassins,2,,,auto,CARD_025__P003__R03__C01.jpg
ade6147a5002578e,Where Ends Everything,affiliation,League Of Assassins,3,,,auto,CARD_027__P003__R03__C03.jpg
b027d4a5e81da324,Wwe Cannot Be Defeated,affiliation,League Of Assassins,2,,,auto,CARD_018__P002__R03__C03.jpg
d82b143d12d470fd,Eradicate The Order,affiliation,League Of Assassins,3,,,auto,CARD_001__P001__R01__C01.jpg
fb9794990db9c422,Do Not Deviate From The Plan,affiliation,League Of Assassins,3,,,auto,CARD_008__P001__R03__C02.jpg
feaa293fcf522933,The Fire Rises Ari,affiliation,League Of Assassins,2,,,auto,CARD_020__P003__R01__C02.jpg
0d41ccc4969fca0b,Ns . A 4 7 Nx B Be,affiliation,Mr. Freeze,2,,,auto,CARD_028__P004__R01__C01.jpg
0ddc727ef71c4a02,Frozen,special,Mr. Freeze,1,,,auto,CARD_039__P005__R01__C03.jpg
30ba4ecbe76b2fba,Mr. Freeze Card 007,affiliation,Mr. Freeze,4,,,ocr-review,CARD_007__P001__R03__C01.jpg
3988b79c3d8144d0,Cool Trophy A X,affiliation,Mr. Freeze,3,,,auto,CARD_033__P004__R02__C03.jpg
5d1dbddd15097ff3,Sa Freeze Is Coming,affiliation,Mr. Freeze,3,,,auto,CARD_004__P001__R02__C01.jpg
69d8dae8f52907e4,Kingdom Of Ice,affiliation,Mr. Freeze,3,,,auto,CARD_019__P003__R01__C01.jpg
71724f96944d9b94,Ice Age,special,Mr. Freeze,4,,,auto,CARD_024__P003__R02__C03.jpg
761267eaf39d81b7,Objective Card Keywords,special,Mr. Freeze,1,,,ocr-review,CARD_040__P005__R02__C01.jpg
93668108431bc5cc,Send Them To The Cooler,affiliation,Mr. Freeze,2,,,auto,CARD_022__P003__R02__C01.jpg
b9b17c2402851b8e,Hell Freezes Over Ues,affiliation,Mr. Freeze,3,,,auto,CARD_036__P004__R03__C03.jpg
bf04e5b2e9187c94,Endless Winter,affiliation,Mr. Freeze,3,,,auto,CARD_016__P002__R03__C01.jpg
efcacd23466118c3,O Eebecw Om F Arn Ier Tn,affiliation,Mr. Freeze,3,,,auto,CARD_011__P002__R01__C02.jpg
f528e8f872d3f004,O Nm -! G,affiliation,Mr. Freeze,2,,,auto,CARD_014__P002__R02__C02.jpg
f6a94a6b88d391c1,Important Research,affiliation,Mr. Freeze,3,,,auto,CARD_001__P001__R01__C01.jpg
fa15d2e65efeafd8,Technological Information,affiliation,Mr. Freeze,3,,,auto,CARD_030__P004__R01__C03.jpg
10eeaedbd0c4245b,Black Market,special,Organized Crime,1,,,auto,CARD_035__P004__R03__C02.jpg
1fdee3a8a9c7f114,Demonstration Of Strength,affiliation,Organized Crime,3,,,auto,CARD_024__P003__R02__C03.jpg
2bea9de59c448c2b,Paying Tribute,affiliation,Organized Crime,3,,,auto,CARD_010__P002__R01__C01.jpg
39780010afecac1c,Shakedown,affiliation,Organized Crime,2,,,auto,CARD_019__P003__R01__C01.jpg
516a4c305fdc7416,Hdead Men Tell No Tales,affiliation,Organized Crime,3,,,auto,CARD_029__P004__R01__C02.jpg
6d9d80054f5c67c4,Pinched Mobster,affiliation,Organized Crime,3,,,auto,CARD_001__P001__R01__C01.jpg
7581805055e7f8f8,Black Market Equipment,special,Organized Crime,1,,,auto,CARD_036__P004__R03__C03.jpg
988416ee2f0f492e,Recovering The Juice,affiliation,Organized Crime,3,,,auto,CARD_007__P001__R03__C01.jpg
9918ddc9b6c25039,The Program,affiliation,Organized Crime,2,,,auto,CARD_017__P002__R03__C02.jpg
adff997e73d0edde,Organized Crime Card 027,affiliation,Organized Crime,2,,,ocr-review,CARD_027__P003__R03__C03.jpg
b6b354de442d18b1,Organized Crime Card 004,affiliation,Organized Crime,3,,,ocr-review,CARD_004__P001__R02__C01.jpg
c4044f62ad97503a,Oo Wz En 4G Es Ee En Om Cee S,affiliation,Organized Crime,2,,,auto,CARD_015__P002__R02__C03.jpg
caee8e7a6aeb60c2,Proof Of Power,affiliation,Organized Crime,3,,,auto,CARD_032__P004__R02__C02.jpg
cda8483fb5552cc1,The Family Os,affiliation,Organized Crime,3,,,auto,CARD_021__P003__R01__C03.jpg
f4271cc82f0ffbf8,Bessage Job A,affiliation,Organized Crime,2,,,auto,CARD_013__P002__R02__C01.jpg
0cb624f112a8988d,Unlimited Fumds. Semen,affiliation,Penguin,2,,,auto,CARD_024__P003__R02__C03.jpg
0f2465ee1e6d8686,Ta Long Cae Eee Ae,affiliation,Penguin,4,,,auto,CARD_031__P004__R02__C01.jpg
178acfc5f322ccaa,Penguin Card 007,affiliation,Penguin,4,,,ocr-review,CARD_007__P001__R03__C01.jpg
2f064627c48e5729,Smuggled Goods,affiliation,Penguin,3,,,auto,CARD_001__P001__R01__C01.jpg
3b475c3a1439e351,Territory Fight,affiliation,Penguin,3,,,auto,CARD_004__P001__R02__C01.jpg
61f3c3e9b50b0b54,Business Counter Rules,special,Penguin,1,,,auto,CARD_036__P004__R03__C03.jpg
8cbbda08898a875c,Profitable Negotiation,affiliation,Penguin,2,,,auto,CARD_014__P002__R02__C02.jpg
8d12aacd8f17a8e0,Business Counters,special,Penguin,1,,,auto,CARD_035__P004__R03__C02.jpg
8d975b2da9ae17d2,A Collector Of Goods) Sa,affiliation,Penguin,2,,,auto,CARD_029__P004__R01__C02.jpg
969cb6d92835c8a8,Fveryone Has A Price,affiliation,Penguin,3,,,auto,CARD_021__P003__R01__C03.jpg
b7a7a59ecef80437,Ee Oe Gf If Ie Wea,affiliation,Penguin,3,,,auto,CARD_018__P002__R03__C03.jpg
e6f87fa54676f1a1,Secret Equipment Bases,affiliation,Penguin,2,,,auto,CARD_016__P002__R03__C01.jpg
f310435b8ce76320,"Seti, Fast Aaa",affiliation,Penguin,3,,,auto,CARD_026__P003__R03__C02.jpg
fd1a42a2f89528e0,Not Buying? Don't Touch! I,affiliation,Penguin,3,,,auto,CARD_011__P002__R01__C02.jpg
04cce139161959cf,"Riddle Me This ,",affiliation,Riddler,3,,,auto,CARD_008__P001__R03__C02.jpg
287798d22becd668,Riddle Me That Ss,affiliation,Riddler,3,,,auto,CARD_005__P001__R02__C02.jpg
2e42eac22f0df57a,The Riddle Of The Night I,affiliation,Riddler,2,,,auto,CARD_001__P001__R01__C01.jpg
36281cf826da51b6,"Riddles Of Tue World,",affiliation,Riddler,3,,,auto,CARD_026__P003__R03__C02.jpg
4d50baf1596af72a,Riddler Face Down Cards,special,Riddler,1,,,auto,CARD_036__P004__R03__C03.jpg
7aa2fa46e30d9477,Riddle Markers,special,Riddler,1,,,auto,CARD_035__P004__R03__C02.jpg
7d92dbe51c3804ee,You Activate The Riddle,affiliation,Riddler,3,,,auto,CARD_020__P003__R01__C02.jpg
7e3187902449d3d3,Riddles On The Storm,affiliation,Riddler,3,,,auto,CARD_015__P002__R02__C03.jpg
991613e621552498,Ss Tn Eh) Ss,affiliation,Riddler,2,,,auto,CARD_029__P004__R01__C02.jpg
a22c345f76f1d666,Psycho Biddle,affiliation,Riddler,4,,,auto,CARD_031__P004__R02__C01.jpg
b15c4db0324f1326,Riddle Of Nowhere,affiliation,Riddler,4,,,auto,CARD_011__P002__R01__C02.jpg
e49796a2c6b1154b,Easy Riddle,affiliation,Riddler,2,,,auto,CARD_018__P002__R03__C03.jpg
eed7b5f883b4ef62,Saddle Me Softly,affiliation,Riddler,2,,,auto,CARD_003__P001__R01__C03.jpg
fe19ac9a140a0008,"O , -N Le Ae Van: Ees Poi Os",affiliation,Riddler,3,,,auto,CARD_023__P003__R02__C02.jpg
02585a6bce132bed,Ra Queen,affiliation,Royal Flush Gang,1,,,auto,CARD_045__P005__R03__C03.jpg
094dad8fc2543867,Royal Flush Gang Card 002,affiliation,Royal Flush Gang,1,,,ocr-review,CARD_002__P001__R01__C02.jpg
09cc05247764c1f3,A A Go Gat Ear Ae Y,affiliation,Royal Flush Gang,1,,,auto,CARD_050__P006__R02__C02.jpg
0bd87338f3afcb0f,Royal Flush Gang Card 018,affiliation,Royal Flush Gang,1,,,ocr-review,CARD_018__P002__R03__C03.jpg
0e0eab6f7a2694ab,Eq Jack,affiliation,Royal Flush Gang,1,,,auto,CARD_041__P005__R02__C02.jpg
2166c199a5137ce2,Seven,affiliation,Royal Flush Gang,1,,,auto,CARD_027__P003__R03__C03.jpg
2534ef910f04f057,Ge Seven 4,affiliation,Royal Flush Gang,1,,,auto,CARD_026__P003__R03__C02.jpg
27a3e6f5a15d32c9,Paar:,affiliation,Royal Flush Gang,1,,,auto,CARD_005__P001__R02__C02.jpg
3189673dd610d485,Fi Four,affiliation,Royal Flush Gang,1,,,auto,CARD_015__P002__R02__C03.jpg
453693c7fe2faa74,F: Eight O,affiliation,Royal Flush Gang,1,,,auto,CARD_032__P004__R02__C02.jpg
4849599e6d30443d,A Sx,affiliation,Royal Flush Gang,1,,,auto,CARD_021__P003__R01__C03.jpg
4e3f9115cc388f61,Eve O,affiliation,Royal Flush Gang,1,,,auto,CARD_017__P002__R03__C02.jpg
4ef53cd07e20c20c,E As,affiliation,Royal Flush Gang,1,,,auto,CARD_054__P006__R03__C03.jpg
529e91900cfae2d2,Royal Flush Gang Card 038,affiliation,Royal Flush Gang,1,,,ocr-review,CARD_038__P005__R01__C02.jpg
543f909e0a5e37d4,Royal Flush Gang Card 019,affiliation,Royal Flush Gang,1,,,ocr-review,CARD_019__P003__R01__C01.jpg
5566076cf50091e8,Eight,affiliation,Royal Flush Gang,1,,,auto,CARD_031__P004__R02__C01.jpg
5a1bea4d3e711ad1,Nine Cy,affiliation,Royal Flush Gang,1,,,auto,CARD_036__P004__R03__C03.jpg
5df342771d787d0a,Fi Four,affiliation,Royal Flush Gang,1,,,auto,CARD_014__P002__R02__C02.jpg
5ff781e7c59a262a,Gs Seven O,affiliation,Royal Flush Gang,1,,,auto,CARD_025__P003__R03__C01.jpg
632c5aa4c6c53501,Ula 4,affiliation,Royal Flush Gang,1,,,auto,CARD_010__P002__R01__C01.jpg
63a60683aefe939f,"8 Man Obo Wuaem Ow ,",affiliation,Royal Flush Gang,1,,,auto,CARD_053__P006__R03__C02.jpg
662ac7a657ca766a,Royal Flush Gang Card 008,affiliation,Royal Flush Gang,1,,,ocr-review,CARD_008__P001__R03__C02.jpg
67a403dbd2471775,Royal Flush Gang Card 034,affiliation,Royal Flush Gang,1,,,ocr-review,CARD_034__P004__R03__C01.jpg
696342354d1dfdd9,Gr Queen,affiliation,Royal Flush Gang,1,,,auto,CARD_048__P006__R01__C03.jpg
79f9e2d0b18a7a73,Royal Flush Gang Card 003,affiliation,Royal Flush Gang,1,,,ocr-review,CARD_003__P001__R01__C03.jpg
8462de12a24f1544,Royal Flush Gang Card 039,affiliation,Royal Flush Gang,1,,,ocr-review,CARD_039__P005__R01__C03.jpg
847a03e9e12fdeeb,Fi Four,affiliation,Royal Flush Gang,1,,,auto,CARD_016__P002__R03__C01.jpg
8d6edb7dbc00da12,Ey E I,affiliation,Royal Flush Gang,1,,,auto,CARD_052__P006__R03__C01.jpg
8e7a2db8785da3cf,Tk - A,affiliation,Royal Flush Gang,1,,,auto,CARD_043__P005__R03__C01.jpg
901f11d813faa7e7,A Queen,affiliation,Royal Flush Gang,1,,,auto,CARD_047__P006__R01__C02.jpg
91bb4c01da105775,Royal Flush Gang Card 023,affiliation,Royal Flush Gang,1,,,ocr-review,CARD_023__P003__R02__C02.jpg
9aab8d28cc6e0198,A Aa,affiliation,Royal Flush Gang,1,,,auto,CARD_044__P005__R03__C02.jpg
9e7ef138e753368a,A Sx,affiliation,Royal Flush Gang,1,,,auto,CARD_024__P003__R02__C03.jpg
a7ca9ba7ae3533ef,Ula Y,affiliation,Royal Flush Gang,1,,,auto,CARD_011__P002__R01__C02.jpg
ab8c49881537ec04,Eight,affiliation,Royal Flush Gang,1,,,auto,CARD_029__P004__R01__C02.jpg
ac76c1565c212c24,B King,affiliation,Royal Flush Gang,1,,,auto,CARD_051__P006__R02__C03.jpg
afb2b7342135a3d4,Three O,affiliation,Royal Flush Gang,1,,,auto,CARD_012__P002__R01__C03.jpg
b17fa7054340dab4,Royal Flush Gang Card 035,affiliation,Royal Flush Gang,1,,,ocr-review,CARD_035__P004__R03__C02.jpg
b85be206caf34956,Fi Four,affiliation,Royal Flush Gang,1,,,auto,CARD_013__P002__R02__C01.jpg
baa183dbf9fd7002,Royal Flush Gang Card 037,affiliation,Royal Flush Gang,1,,,ocr-review,CARD_037__P005__R01__C01.jpg
bc340dc42bf2de01,Ou O,affiliation,Royal Flush Gang,1,,,auto,CARD_001__P001__R01__C01.jpg
c427bc5902bc02a0,Royal Flush Gang Card 040,affiliation,Royal Flush Gang,1,,,ocr-review,CARD_040__P005__R02__C01.jpg
d125f8099334099d,Royal Flush Gang Card 022,affiliation,Royal Flush Gang,1,,,ocr-review,CARD_022__P003__R02__C01.jpg
db88383c4a1f3a8c,Rak,affiliation,Royal Flush Gang,1,,,auto,CARD_042__P005__R02__C03.jpg
df614f69460fd042,Eight,affiliation,Royal Flush Gang,1,,,auto,CARD_030__P004__R01__C03.jpg
e420a206ceb23101,8 Wo A,affiliation,Royal Flush Gang,1,,,auto,CARD_007__P001__R03__C01.jpg
e7151b6208e9425f,Ey E,affiliation,Royal Flush Gang,1,,,auto,CARD_049__P006__R02__C01.jpg
f2b84f734dccb0e9,Btwn,affiliation,Royal Flush Gang,1,,,auto,CARD_009__P001__R03__C03.jpg
f36fdacbf8c76b17,Royal Flush Gang Card 006,affiliation,Royal Flush Gang,1,,,ocr-review,CARD_006__P001__R02__C03.jpg
f3c2d74d9ed09d42,B Nwne,affiliation,Royal Flush Gang,1,,,auto,CARD_033__P004__R02__C03.jpg
f873433a51b4d8eb,A Queen,affiliation,Royal Flush Gang,1,,,auto,CARD_046__P006__R01__C01.jpg
fb517bf2ee8325ba,Royal Flush Gang Card 020,affiliation,Royal Flush Gang,1,,,ocr-review,CARD_020__P003__R01__C02.jpg
ff2874971f9bd9c0,Royal Flush Gang Card 004,affiliation,Royal Flush Gang,1,,,ocr-review,CARD_004__P001__R02__C01.jpg
ff77c57120ae7d01,Royal Flush Gang Card 028,affiliation,Royal Flush Gang,1,,,ocr-review,CARD_028__P004__R01__C01.jpg
12d7eecbc55e9473,I Pecmel,affiliation,Scarecrow,3,,,auto,CARD_009__P001__R03__C03.jpg
1d5f6e5461c1efbc,Fear,special,Scarecrow,2,,,auto,CARD_041__P005__R02__C02.jpg
27c728c77bb03e73,Intoxicated By Fear,affiliation,Scarecrow,2,,,auto,CARD_025__P003__R03__C01.jpg
2b4755d7f32d0564,Scarecrow Card 027,affiliation,Scarecrow,2,,,ocr-review,CARD_027__P003__R03__C03.jpg
31f98bab5785e8f6,Spooky Presence,affiliation,Scarecrow,3,,,auto,CARD_032__P004__R02__C02.jpg
42606afbeb23939d,Scarecrow Card 029,affiliation,Scarecrow,3,,,ocr-review,CARD_029__P004__R01__C02.jpg
4285a7108dabb7e7,Fear,special,Scarecrow,2,,,auto,CARD_043__P005__R03__C01.jpg
5dbe740a2702ea71,Fear Makes You Predictable,affiliation,Scarecrow,3,,,auto,CARD_015__P002__R02__C03.jpg
6083d5c18c9b7411,Scarecrow Card 012,affiliation,Scarecrow,3,,,ocr-review,CARD_012__P002__R01__C03.jpg
79aea2ad45dfec39,Fear,special,Scarecrow,2,,,auto,CARD_045__P005__R03__C03.jpg
7d365cc7594be4e7,The Fear,special,Scarecrow,1,,,auto,CARD_035__P004__R03__C02.jpg
83b4043775ee3147,Scarecrow Card 001,affiliation,Scarecrow,4,,,ocr-review,CARD_001__P001__R01__C01.jpg
8fc96e1f0e7f8514,Fear,special,Scarecrow,2,,,auto,CARD_037__P005__R01__C01.jpg
93c5d02bd1a86683,Scarecrow Card 005,affiliation,Scarecrow,4,,,ocr-review,CARD_005__P001__R02__C02.jpg
97b8f6f3a4c6c44e,Fear,special,Scarecrow,2,,,auto,CARD_047__P006__R01__C02.jpg
b0d8d619073078b2,Tpsoktobeafraidl. . Ss,affiliation,Scarecrow,3,,,auto,CARD_022__P003__R02__C01.jpg
b0e7dbfe3f3a6d6e,Objective Card Keywords,special,Scarecrow,1,,,ocr-review,CARD_036__P004__R03__C03.jpg
c641bc3d0b9aec60,Living Nightmare 3,affiliation,Scarecrow,2,,,auto,CARD_018__P002__R03__C03.jpg
d883fd4df1ba1db7,Fear,special,Scarecrow,2,,,auto,CARD_039__P005__R01__C03.jpg
fc38ace056ca3294,Darkness' Embrace Ses,affiliation,Scarecrow,2,,,auto,CARD_020__P003__R01__C02.jpg
02a049f2c87c84da,Soldiers Of Fortune Card 006,affiliation,Soldiers Of Fortune,2,,,ocr-review,CARD_006__P001__R02__C03.jpg
18a7eeef4787a9e6,Military Coordination,affiliation,Soldiers Of Fortune,2,,,auto,CARD_030__P004__R01__C03.jpg
2a25d93eef524654,Search Gdestroy,affiliation,Soldiers Of Fortune,3,,,auto,CARD_001__P001__R01__C01.jpg
5342db1257b0de1b,Invasion,affiliation,Soldiers Of Fortune,3,,,auto,CARD_008__P001__R03__C02.jpg
5ce9c349b86360c6,Suppressing Fire,affiliation,Soldiers Of Fortune,3,,,auto,CARD_027__P003__R03__C03.jpg
757021bcf99caac2,Ht Ree Ii ) 2 Ue,affiliation,Soldiers Of Fortune,3,,,auto,CARD_011__P002__R01__C02.jpg
7e1f99b3795ad0a6,Igs - Yi,affiliation,Soldiers Of Fortune,2,,,auto,CARD_014__P002__R02__C02.jpg
835c6fe59ed971e7,Enhanced Soldiebs Seas,affiliation,Soldiers Of Fortune,3,,,auto,CARD_032__P004__R02__C02.jpg
89e6f7579461c6d4,Yber Attack A,affiliation,Soldiers Of Fortune,2,,,auto,CARD_022__P003__R02__C01.jpg
93f2d0040602a760,Triangulation A,affiliation,Soldiers Of Fortune,3,,,auto,CARD_024__P003__R02__C03.jpg
e1bfcd54310322da,Global Offensive Ese,affiliation,Soldiers Of Fortune,2,,,auto,CARD_020__P003__R01__C02.jpg
f4e04c42bd743a01,Baropoint A,affiliation,Soldiers Of Fortune,2,,,auto,CARD_004__P001__R02__C01.jpg
f9eec6f3667c96db,Ops,affiliation,Soldiers Of Fortune,4,,,auto,CARD_016__P002__R03__C01.jpg
19d5abd65c57e042,Speedforce Card 009,speedforce,,1,,,ocr-review,CARD_009__P001__R03__C03.jpg
2f61a293805941d1,23 Switch Timelines,speedforce,,1,,,auto,CARD_001__P001__R01__C01.jpg
34b8d45f28f1c6bc,Speedforce Card 004,speedforce,,2,,,ocr-review,CARD_004__P001__R02__C01.jpg
516961e9c699d124,Speedforce Card 010,speedforce,,1,,,ocr-review,CARD_010__P002__R01__C01.jpg
6e0223178051e277,Ean I Px Oo Ueny,speedforce,,1,,,auto,CARD_008__P001__R03__C02.jpg
ae2484c957c27e32,Speedforce Card 003,speedforce,,1,,,ocr-review,CARD_003__P001__R01__C03.jpg
afa87a0253921cf3,O Wh... What Happened?,speedforce,,1,,,auto,CARD_002__P001__R01__C02.jpg
cd4ddc318621bcf7,2 Fatigue,speedforce,,2,,,auto,CARD_006__P001__R02__C03.jpg
17090bcae7972778,A.R.G.Us. Intellig) Nce,affiliation,Suicide Squad,3,,,auto,CARD_023__P003__R02__C02.jpg
23e3de85e2f84fa4,Revealing The Plan. J,affiliation,Suicide Squad,4,,,auto,CARD_005__P001__R02__C02.jpg
2e13f469165104f7,Suicide Squad Card 017,affiliation,Suicide Squad,3,,,ocr-review,CARD_017__P002__R03__C02.jpg
3aaed058a13155ac,Interrogation Mission,affiliation,Suicide Squad,3,,,auto,CARD_020__P003__R01__C02.jpg
3fe6f22a27c3bcc3,Suthless Team,affiliation,Suicide Squad,2,,,auto,CARD_029__P004__R01__C02.jpg
493dd110760ecc05,Reinforcement Beacon Planted C,affiliation,Suicide Squad,2,,,auto,CARD_031__P004__R02__C01.jpg
525b7156ac9d3740,Misunderstood Ore Mae Er,affiliation,Suicide Squad,2,,,auto,CARD_033__P004__R02__C03.jpg
681476c6717578d8,Extermination Mission,affiliation,Suicide Squad,2,,,auto,CARD_015__P002__R02__C03.jpg
83ad2dcafc2c7d92,Target Acquired,affiliation,Suicide Squad,4,,,auto,CARD_001__P001__R01__C01.jpg
9ea4484e68b0678b,Behind The Enemy Line,affiliation,Suicide Squad,3,,,auto,CARD_026__P003__R03__C02.jpg
aab68824cc879e0f,Suicide Squad Special Rules,special,Suicide Squad,1,,,auto,CARD_035__P004__R03__C02.jpg
ad4ce9d740465f0f,Subterfuge Get,affiliation,Suicide Squad,3,,,auto,CARD_009__P001__R03__C03.jpg
c2a2a69dce5b305c,Taking The:Lead,affiliation,Suicide Squad,3,,,auto,CARD_012__P002__R01__C03.jpg
eb08eece546b336c,Cranial Bomb Activated,special,Suicide Squad,6,,,auto,CARD_036__P004__R03__C03.jpg
01dfd4aece7e6618,Closing Argument. Ss,affiliation,Two-Face,3,,,auto,CARD_018__P002__R03__C03.jpg
0e86f988e4d3668c,Ae 7 Err,affiliation,Two-Face,3,,,auto,CARD_032__P004__R02__C02.jpg
23a99b466e50a0fb,Beads Or Heads,affiliation,Two-Face,3,,,auto,CARD_010__P002__R01__C01.jpg
3f86ba95a715b3f0,Fast Allegation,affiliation,Two-Face,4,,,auto,CARD_026__P003__R03__C02.jpg
47c221e5811e0e35,Two Make This Better,affiliation,Two-Face,3,,,auto,CARD_004__P001__R02__C01.jpg
5e856d0eeb0fdc52,O Nr Eo Nrr Ss Fes,affiliation,Two-Face,3,,,auto,CARD_015__P002__R02__C03.jpg
946f9ed95461c044,The Sinister Side,special,Two-Face,1,,,auto,CARD_036__P004__R03__C03.jpg
ad8f361301093b55,The Balance Of Justice,affiliation,Two-Face,2,,,auto,CARD_013__P002__R02__C01.jpg
b44e960b1610644a,Kill Them Tce,affiliation,Two-Face,3,,,auto,CARD_001__P001__R01__C01.jpg
c626d0edd911a167,Wo Faces Of Thecoin,affiliation,Two-Face,2,,,auto,CARD_021__P003__R01__C03.jpg
cfe5d93b50aaf887,Punishment,affiliation,Two-Face,2,,,auto,CARD_030__P004__R01__C03.jpg
d1c5498b0d5719f5,Double Or Nothing - I Ss,affiliation,Two-Face,3,,,auto,CARD_023__P003__R02__C02.jpg
ebd96683f5d52ff1,Bhegamble,affiliation,Two-Face,3,,,auto,CARD_007__P001__R03__C01.jpg
faf1cf06bec06258,The Good Side,special,Two-Face,1,,,auto,CARD_035__P004__R03__C02.jpg
0b15b21d677863e8,Closing The Trigon's Portal ),affiliation,Vigilantes,3,,,auto,CARD_040__P005__R02__C01.jpg
0c3cb22431a62082,Secure The Zone S,affiliation,Vigilantes,3,,,auto,CARD_018__P002__R03__C03.jpg
246496ac196bd4c1,Undercover Action I,affiliation,Vigilantes,3,,,auto,CARD_012__P002__R01__C03.jpg
289de29aa58fe6ea,O Gy Oe Es Ee Awn A,affiliation,Vigilantes,3,,,auto,CARD_024__P003__R02__C03.jpg
4ef830cde2e92c20,Patrol Report,affiliation,Vigilantes,3,,,auto,CARD_027__P003__R03__C03.jpg
5ed38e93460ea0af,"Tonight, We Arethelaw",affiliation,Vigilantes,3,,,auto,CARD_053__P006__R03__C02.jpg
736f236abf108590,Teamwork Action,affiliation,Vigilantes,3,,,auto,CARD_021__P003__R01__C03.jpg
74debb1158c593a0,Gontaining The Threat,affiliation,Vigilantes,3,,,auto,CARD_047__P006__R01__C02.jpg
87d5015d820a9866,Vigilantes Special Rules,special,Vigilantes,1,,,auto,CARD_056__P007__R01__C02.jpg
8de4b985100db268,Vigilantes Card 005,affiliation,Vigilantes,4,,,ocr-review,CARD_005__P001__R02__C02.jpg
924d74329da20453,None Of You Are Safe,affiliation,Vigilantes,4,,,auto,CARD_036__P004__R03__C03.jpg
928981e8b493e5d2,Seekingthetral Ss,affiliation,Vigilantes,4,,,auto,CARD_001__P001__R01__C01.jpg
b304b317f20c7748,Ending Youb Villmny Gm,affiliation,Vigilantes,3,,,auto,CARD_015__P002__R02__C03.jpg
ca1f822ef64ad62b,We Are The Night,affiliation,Vigilantes,3,,,auto,CARD_033__P004__R02__C03.jpg
ca2d54005d7a99f8,Stubborn Resilience,affiliation,Vigilantes,4,,,auto,CARD_043__P005__R03__C01.jpg
cd4c3553a96df9be,Attempt Thwarted,affiliation,Vigilantes,3,,,auto,CARD_009__P001__R03__C03.jpg
dce33045aa589d37,Much To Prove 3,affiliation,Vigilantes,3,,,auto,CARD_050__P006__R02__C02.jpg
faebd0629c214936,Unveiling The Truth,affiliation,Vigilantes,3,,,auto,CARD_030__P004__R01__C03.jpg
0b6a49b36748f1f6,Ez Et Brc Eet Nos Eae) A,affiliation,Watchmen,2,,,auto,CARD_031__P004__R02__C01.jpg
29a0af03ef3273c4,Unnecessary Brutality,affiliation,Watchmen,3,,,auto,CARD_004__P001__R02__C01.jpg
3278d286e2696be6,He Big Plan Af Ales Lt,affiliation,Watchmen,4,,,auto,CARD_007__P001__R03__C01.jpg
6c543a80f8dd25a6,Sealed Area,affiliation,Watchmen,3,,,auto,CARD_016__P002__R03__C01.jpg
77fc2a05c109efc0,Who Watches The Watchmen?,affiliation,Watchmen,3,,,auto,CARD_001__P001__R01__C01.jpg
8d521ab6faf01ee1,Watchmen Special Rules,special,Watchmen,1,,,auto,CARD_035__P004__R03__C02.jpg
a2c15dbd71a87cf9,Pretending Normality,affiliation,Watchmen,2,,,auto,CARD_033__P004__R02__C03.jpg
a7e378af6412bde0,Rorschach's Journal,affiliation,Watchmen,3,,,auto,CARD_013__P002__R02__C01.jpg
adfc0f77bb6c6fda,Soon It Will Be Bad Coe Ws Gere,affiliation,Watchmen,2,,,auto,CARD_027__P003__R03__C03.jpg
b11b2c01eb7b8b37,Buclear Menace,affiliation,Watchmen,2,,,auto,CARD_025__P003__R03__C01.jpg
cfedf18e805a35da,A Comedian Ed A,affiliation,Watchmen,3,,,auto,CARD_022__P003__R02__C01.jpg
d6b05bb48b1a99bb,Retribution,affiliation,Watchmen,2,,,auto,CARD_011__P002__R01__C02.jpg
df1278b5ac8f14da,Watchmen Card 019,affiliation,Watchmen,3,,,ocr-review,CARD_019__P003__R01__C01.jpg
f2bc3166b69f3bcd,Locked Inherewithme!,affiliation,Watchmen,2,,,auto,CARD_029__P004__R01__C02.jpg
